Transect,RMSE_m
1,3.381138407681883
2,3.4344604521574533
3,3.4196030482723065
4,3.4196030482723088
5,3.4646686472792214
6,3.4617825510674822
7,3.4997103156267433
8,3.4472375093263117
